{"N":{"fucking":-0.085362,"sick of":-0.071543,"depression":-0.06832,"fuck":-0.068195,"depressed":-0.067765,"xd":-0.065177,"pissed":-0.062499,"i hate":-0.061271,"anymore":-0.060984,"lonely":-0.060528,"pissed off":-0.058807,"shit":-0.05865,"crap":-0.057948,"sick":-0.056915,"fuck you":-0.056386,"hate":-0.056362,"d:":-0.056072,"worse":-0.056042,"alone":-0.056013,"dead":-0.054885,"stupid":-0.05431,"so fucking":-0.054193,"bloody":-0.053958,"hell":-0.053793,"x":-0.05336,"fucked":-0.053195,"the hell":-0.052805,". i hate":-0.052689,"bored":-0.052654,"kill":-0.052503,"cry":-0.052287,"nightmare":-0.052129,"so sick":-0.051692,"fuck off":-0.051453,"hates":-0.051217,"why do i":-0.051121,"as your status":-0.050858,"crying":-0.050751,"scream":-0.049862,"angry":-0.049483,"fucking hate":-0.049311,"put this as":-0.049166,"my head":-0.049083,"this as":-0.048928,"horrible":-0.048765,"anxiety":-0.048673,"fed up":-0.048555,"won't":-0.048524,"like shit":-0.048454,"status for":-0.048353,": 3":-0.048346,"as your":-0.048279,"put this":-0.048218,"< /":-0.048205,"depression is":-0.048163,"this as your":-0.04808,"shitty":-0.048066,"/ 3":-0.047954,"< / 3":-0.04782,"scared":-0.047783,"leave me":-0.047645,"for once":-0.047634,"annoying":-0.04756,"so sick of":-0.047538,"to kill":-0.047487,"piss":-0.047483,"apparently":-0.047232,"i fucking hate":-0.047069,"status if":-0.047018,"bother":-0.046656,"bitch":-0.046512,"care":-0.046492,"status if you":-0.046431,"your status if":-0.046414,"screaming":-0.04631,"i wish":-0.046254,"pain":-0.046193,"pathetic":-0.046141,"i hate my":-0.046135,"die":-0.046094,"wish i":-0.046042,"tired of":-0.046004,"dying":-0.045823,"headache":-0.045749,"for at least":-0.045642,"mood":-0.045586,"so tired":-0.045326,"shut":-0.045166,">.<":-0.044998,"mum":-0.044983,"hate my life":-0.044955,"worried":-0.044877,"a bit":-0.044867,"hurt":-0.044866,"don't want":-0.044803,"why does":-0.044563,"depressing":-0.044497,"pills":-0.044497,"hurts":-0.044434,"your status for":-0.044324,"lets get":0.0241,"a great weekend":0.024142,"mountains":0.024163,"camp":0.024173,"nigga":0.024298,"in the lord":0.024439,"this weekend !":0.024439,"tournament":0.024458,"opportunity":0.024462,"ready for":0.024489,"thanksgiving":0.024567,"headed":0.025095,"the gym":0.025115,"great day !":0.025277,"im ready":0.025313,"sweet home":0.025551,"wit":0.025584,"headed to":0.025655,"great day":0.025714,"... smh":0.0258,"thank you lord":0.025911,"the lakers":0.025925,"you lord for":0.025953,"game":0.025956,"a great":0.025969,"the fullest":0.02599,"to the fullest":0.026095,"champs":0.026176,"spring break":0.026335,"home sweet":0.026352,"skiing":0.026393,"tryna":0.02642,"dat":0.02644,"home sweet home":0.026454,"yea":0.026618,"blast":0.026656,"kno":0.02671,"practice":0.026762,"swag":0.026831,"we come !":0.026865,"psalm":0.026951,"miami":0.027012,"here i come":0.027088,"san diego":0.027188,"niggas":0.027361,"game tomorrow":0.027429,"here we come":0.027721,"lord for":0.027757,"! !":0.027794,"success is":0.027897,"kobe":0.027902,"thang":0.027944,"the fam":0.028033,"the lord is":0.028098,"be blessed":0.028161,"ready":0.028544,"fullest":0.028555,"cali":0.02856,"of the lord":0.028577,"on my way":0.028734,"doin":0.028745,"we come":0.029277,"in christ":0.029318,"weekend":0.02935,"you lord":0.029443,"life is good":0.02946,"lets go":0.029516,"snowboarding":0.029582,"holla":0.029858,"church":0.030016,"wit my":0.030043,"great weekend":0.030058,"a blast":0.030794,"proverbs":0.031146,"a beautiful day":0.031317,"game tonight":0.031491,"finals":0.031529,"celtics":0.031812,"team":0.032171,"greatness":0.032496,"yall":0.032961,"bout to":0.033174,"god is good":0.033202,"the beach":0.033233,"!":0.033265,"volleyball":0.034205,"blessed":0.035512,"the lord":0.03597,"praise":0.03674,"chillin":0.03753,"beautiful day":0.037671,"fam":0.038682,"blessings":0.03918,"soccer":0.040099,"beach":0.04025,"workout":0.04039,"basketball":0.043449,"lakers":0.043677,"smh":0.045455,"success":0.04591},"A":{"fuck":-0.120624,"fucking":-0.113133,"shit":-0.110044,"bitch":-0.103248,"damn":-0.085421,"hell":-0.083178,"bitches":-0.082082,"ass":-0.080282,"fucked":-0.080148,"wtf":-0.077224,"fuck you":-0.075006,"fuckin":-0.074821,"bullshit":-0.074243,"a bitch":-0.071405,"this shit":-0.069956,"pissed":-0.069776,"fucked up":-0.069533,"piss":-0.062877,"fuck off":-0.062009,"kill":-0.061556,"what the fuck":-0.060842,"shitty":-0.058565,"the hell":-0.058522,"so fucking":-0.05835,"fuck up":-0.057825,"drunk":-0.056818,"give a fuck":-0.052026,"bastard":-0.051304,"fucks":-0.050882,"dick":-0.0507,"f":-0.050502,"fake":-0.049961,"whore":-0.049118,"pissed off":-0.049027,"fucking hate":-0.048567,"asshole":-0.048128,"niggas":-0.047695,"the fuck up":-0.047661,"stupid":-0.047569,"sex":-0.047404,"as hell":-0.047166,"dead":-0.047057,"my ass":-0.0469,"i hate":-0.046774,"cunt":-0.046526,"fucker":-0.045686,"hate":-0.04557,"fuckers":-0.045343,"i fucking hate":-0.045108,"fuckin '":-0.045018,"to kill":-0.044813,"the fuck is":-0.044645,"bloody":-0.044484,"get the fuck":-0.044122,"wtf ?":-0.04389,"pussy":-0.043575,"pathetic":-0.0434,"the fuck out":-0.043332,"hoes":-0.043262,"nigga":-0.042901,"punch":-0.042768,"stfu":-0.042285,"like shit":-0.04212,"suck":-0.041894,"die":-0.041859,"fat":-0.041711,"swear":-0.041706,"i swear":-0.041682,"don't give a":-0.041265,"shut":-0.041245,"murder":-0.041123,"f *":-0.041092,"knife":-0.040875,"*":-0.040701,"smoke":-0.040652,"why the fuck":-0.04065,"shut up":-0.040596,"wtf is":-0.040485,"motherfucker":-0.040394,"cum":-0.040384,"goddamn":-0.040358,"burn":-0.039965,"aint":-0.039904,"sick of":-0.039711,"death":-0.039681,"assholes":-0.039563,"lmao":-0.03952,"shut the fuck":-0.039294,"bastards":-0.038863,"porn":-0.038853,"haters":-0.038852,"rape":-0.038748,"to piss":-0.037807,"idiots":-0.03776,"a bitch .":-0.037664,"piss me":-0.037654,"drink":-0.037602,"damned":-0.037535,"who the fuck":-0.037395,"retarded":-0.03738,"birthday wishes !":0.036052,"at church":0.036221,"joy":0.036244,"grateful":0.036311,"hope everyone":0.036494,"so thankful":0.03655,"had an amazing":0.036551,"beautiful day !":0.036661,"happy":0.036828,"much fun":0.036835,"of christ":0.03684,"so excited !":0.036854,"an amazing day":0.036882,"isaiah":0.036972,"a great weekend":0.037397,"faith":0.037415,"thank":0.037443,"loving":0.037457,"of the lord":0.037467,"family":0.037646,"friends and family":0.038119,"spring":0.03818,"! can't wait":0.038205,"tomorrow":0.038442,"a blast":0.038615,"day today":0.038672,"praying for":0.03893,"birthday wishes":0.038949,"was awesome":0.038959,"christmas":0.039013,"beautiful":0.039074,"the lord is":0.03908,"a beautiful":0.039221,"worship":0.039669,"praying":0.040041,"had an awesome":0.040044,"a beautiful day":0.040129,"much fun !":0.040132,"the lord,":0.040261,"awesome":0.04033,"romans":0.040361,"a wonderful day":0.040367,"grace":0.040492,"was awesome !":0.040579,"amazing day":0.040586,"a great time":0.040654,"thank you lord":0.040798,"please pray for":0.040923,"happy thanksgiving":0.04147,"great time":0.04158,"love you":0.042026,"great weekend":0.042072,"god's":0.042179,"so blessed":0.042207,"wonderful day":0.04224,"goodness":0.042302,"please pray":0.042341,"in the lord":0.042495,"had a wonderful":0.042606,":)":0.042709,"pray":0.043811,"beautiful day":0.043987,"thankful for":0.044063,"praise god":0.04423,"prayer":0.044274,"great day !":0.044518,"blessings":0.044847,"was amazing !":0.044886,"corinthians":0.045006,"great":0.045009,"pray for":0.04512,"you lord":0.045141,"thankful":0.045906,"god has":0.046074,"praise":0.046463,"church":0.04652,"was amazing":0.046911,"merry christmas":0.047137,"proverbs":0.047549,"a great day":0.048621,"love you all":0.048655,"so excited":0.048739,"! thank you":0.048788,"psalm":0.049001,"thanksgiving":0.04938,"in christ":0.049739,"thank you":0.050974,"excited for":0.051146,"great day":0.052462,"an amazing":0.052477,"had a great":0.052764,"the lord":0.05295,"an awesome":0.053257,"a wonderful":0.054659,"prayers":0.056504,"amazing":0.056682,